YEAR,DFF
2012,0.14057377049180300000
2013,0.10734246575342500000
2014,0.08849315068493150000
2015,0.13372602739726000000
2016,0.39319672131147500000
2017,1.0029589041095900
2018,1.8349315068493200
2019,2.1572602739726000
2020,0.37224043715847000000
2021,0.07868493150684930000