YEAR,TB3MS,TB3MS2
2009,0.15000000000000000000,0.00150000000000000000
2010,0.13666666666666700000,0.00136666666666667000
2011,0.05250000000000000000,0.00052500000000000000
2012,0.08583333333333330000,0.00085833333333333300
2013,0.05833333333333330000,0.00058333333333333300
2014,0.03250000000000000000,0.00032500000000000000
2015,0.05250000000000000000,0.00052500000000000000
2016,0.31750000000000000000,0.00317500000000000000